card_number,date,amount,reference_number,country,address,description,category
36396839780962,2024-05-18,621.67,29025341,Namibia,248 Higgins Pine Suite 099,embrace distributed platforms,Personal
4637789610304652,2024-05-03,-103.26,106296682,Netherlands Antilles,218 White Throughway Apt. 410,drive strategic models,Food & Drink
502046559915,2024-05-02,6033.77,75424679,Montenegro,46265 Owens Roads,generate 24/365 solutions,Entertainment
3571688734313393,2024-04-28,8481.83,85031418,Luxembourg,554 Robin Cliff Suite 312,utilize customized e-services,Home
5566517838061537,2024-05-09,6672.95,81472356,Reunion,050 Laura Forks Apt. 961,expedite B2B supply-chains,Entertainment
2720140821981908,2024-05-16,3388.65,64750875,United States Minor Outlying Islands,64062 West Trail,cultivate mission-critical relationships,Bills & Utilities
4526065327470,2024-04-26,-850.06,103721299,Madagascar,8059 Simon Turnpike,utilize dot-com interfaces,Personal
6508422402916860,2024-04-28,5881.42,126911811,Mayotte,01636 Acosta Mall Apt. 950,transform magnetic channels,Groceries
6571683509814348,2024-04-29,5251.51,110186254,Guinea,28881 Hannah Pass Suite 378,architect real-time relationships,Travel
372319325913725,2024-05-22,5532.61,37765677,Iran,98856 Fuller Curve,synthesize end-to-end platforms,Food & Drink
6540972552584256,2024-05-11,589.12,63505102,Guinea-Bissau,0716 Megan View Apt. 633,facilitate 24/7 architectures,Bills & Utilities
3509056643595392,2024-05-20,9717.18,113351303,British Virgin Islands,930 Allen Shoal,exploit innovative action-items,Food & Drink
5384500225572308,2024-05-06,6316.69,81271638,Syrian Arab Republic,874 Lynch Extension Apt. 347,integrate best-of-breed convergence,Food & Drink
180004033279781,2024-05-11,8937.93,101957007,Haiti,097 Mary Street,facilitate dynamic synergies,Bills & Utilities
3504278043704532,2024-05-03,5745.36,110198938,Guernsey,886 Felicia Streets,extend interactive initiatives,Bills & Utilities
4480006222921,2024-04-30,-562.81,92120273,Cyprus,935 James Curve,whiteboard cutting-edge applications,Travel
503800490891,2024-05-07,3258.82,52764844,Azerbaijan,993 Morales Knoll Suite 562,envisioneer open-source applications,Bills & Utilities
676267315072,2024-05-16,-887.96,60458197,Aruba,1559 Gomez Gateway Suite 570,empower synergistic functionalities,Personal
4512391516139546,2024-04-25,4536.03,102491902,Liechtenstein,2368 Richardson Fork,benchmark wireless interfaces,Food & Drink
180048082937153,2024-04-25,4434.59,58672765,Fiji,4639 Martin Ramp,disintermediate B2C models,Groceries
5322643366111562,2024-04-26,8666.02,123546632,Palestinian Territory,87243 Richard Avenue,iterate wireless markets,Food & Drink
6011259187052432,2024-05-20,-517.7,75015871,Tokelau,9785 Fisher Villages,iterate cross-platform vortals,Food & Drink
6011790379981707,2024-05-08,5752.57,14504631,Dominican Republic,9654 Hess Lodge Suite 814,monetize dynamic partnerships,Bills & Utilities
6011773938264864,2024-05-05,-934.42,94375466,French Polynesia,10910 Timothy Hills,streamline B2B e-services,Travel
4318078397793,2024-04-27,-232.55,68222736,South Georgia and the South Sandwich Islands,999 Jackson Views Apt. 312,streamline strategic models,Travel
2720064917233422,2024-05-24,878.62,75908043,Tajikistan,7474 Jacqueline Drive,expedite front-end infrastructures,Gas
6011221442534950,2024-05-01,-107.1,105033998,Libyan Arab Jamahiriya,734 Ballard Junctions,innovate cross-platform communities,Food & Drink
349222347962292,2024-05-02,5066.46,11722966,Isle of Man,7840 Benjamin Mountains Suite 498,transform extensible functionalities,Gas
501838270087,2024-04-26,4169.56,74337550,Pakistan,74551 Woods Green,syndicate wireless e-tailers,Bills & Utilities
4858053503087169,2024-05-14,5243.79,107331083,Angola,9590 Michael Brook Suite 892,deliver real-time supply-chains,Food & Drink
375444297797331,2024-04-26,1828.04,17823571,Montserrat,97400 Jennifer Freeway Apt. 394,deliver web-enabled systems,Bills & Utilities
6571261854384017,2024-05-10,8872.81,120128053,Poland,5738 Vang Vista Suite 371,integrate impactful schemas,Groceries
2492248793955085,2024-05-24,94.05,66343086,Norway,106 Short Springs,aggregate world-class e-commerce,Shopping
4713593095109835,2024-04-26,1486.72,73351456,Burundi,178 Rachel Hollow Apt. 558,orchestrate impactful experiences,Travel
3560988595338635,2024-05-06,6611.02,58999901,Swaziland,3169 Watson Grove Apt. 532,seize plug-and-play content,Shopping
5402055653522679,2024-05-16,9924.69,51699567,Tanzania,725 Lindsey Pass Suite 885,cultivate granular web services,Entertainment
4526660475064398,2024-05-16,5306.67,127364755,Brunei Darussalam,6336 Richard Avenue,leverage web-enabled vortals,Personal
3591703684232620,2024-05-01,9907.14,129159531,Kyrgyz Republic,410 Kathleen Squares Suite 353,synthesize wireless portals,Home
30013176842471,2024-05-20,9146.09,123045971,Cyprus,976 Morgan Groves,mesh collaborative niches,Personal
30067647736811,2024-05-13,3662.16,118691233,Vanuatu,824 Carolyn Knoll,mesh dynamic users,Personal
213150479878296,2024-05-21,2046.23,28398008,Argentina,263 Linda Fords Suite 771,transition end-to-end e-commerce,Groceries
5191323851154181,2024-05-18,6747.35,101791425,Mauritius,233 Tara Expressway,implement user-centric solutions,Groceries
676273630548,2024-05-21,4791.03,56572304,Georgia,969 Priscilla Rapid Apt. 759,e-enable dynamic mindshare,Personal
4578704826564289,2024-05-07,5130.95,83298062,Greece,1745 Peters Falls,incentivize killer markets,Gas
213193193359813,2024-05-10,9562.95,57628448,Mali,35201 Stephen Dale,synthesize killer interfaces,Travel
347397415418476,2024-04-25,3296.35,113035205,Western Sahara,6033 Billy Alley Apt. 627,streamline cross-platform mindshare,Gas
3506819910223243,2024-05-04,7975.04,27474499,Cocos (Keeling) Islands,1913 Ana Unions Apt. 556,exploit innovative applications,Personal
4250065252923455,2024-05-07,7496.68,62948951,Trinidad and Tobago,9394 Michael Shore Suite 768,exploit out-of-the-box experiences,Entertainment
4737874595163254,2024-05-22,2257.87,13507163,Saint Helena,788 Anna Streets Apt. 587,whiteboard 24/365 action-items,Home
4336176256009026428,2024-05-14,-797.68,23809699,Yemen,3792 Gonzalez Glens,repurpose user-centric functionalities,Bills & Utilities
3575953646060300,2024-04-25,6025.04,66151074,Turkmenistan,1465 Donna Overpass Apt. 202,deploy out-of-the-box action-items,Bills & Utilities
2279991354104861,2024-05-08,3945.0,103952204,Samoa,3883 Anthony Ferry,implement open-source solutions,Food & Drink
4107210049006900,2024-05-01,3241.63,89626214,Switzerland,5130 Rice Prairie Suite 022,orchestrate viral ROI,Bills & Utilities
4253336197183035,2024-04-26,4055.54,51279851,Puerto Rico,70081 Price Drive Apt. 154,strategize best-of-breed mindshare,Shopping
4195740375332291769,2024-05-19,2801.61,81217427,French Guiana,6755 Cunningham Valley Apt. 183,engage 24/7 bandwidth,Groceries
6573220775339425,2024-04-25,8229.09,125886918,San Marino,75351 Fields Viaduct Apt. 561,utilize rich methodologies,Food & Drink
373579624577013,2024-05-03,6545.72,12143434,Micronesia,84038 Christopher Trail,whiteboard cutting-edge content,Entertainment
3524675822114385,2024-05-22,397.72,26037196,Congo,7218 Kimberly Parks Suite 276,transition holistic communities,Entertainment
30561365571293,2024-05-24,335.4,30580273,Belarus,269 Lam Glens,incentivize cross-platform e-markets,Food & Drink
371084222859642,2024-04-26,296.35,56156979,Korea,5095 Anderson Ports Apt. 002,syndicate web-enabled e-business,Travel
3579703693747192,2024-05-01,8426.57,100044814,Chad,929 Meyer View Suite 350,aggregate B2C architectures,Groceries
6011121420870816,2024-05-12,4073.2,33448040,Latvia,27253 Susan Parks,seize B2B interfaces,Shopping
30440611775927,2024-05-08,6453.14,107557252,Brunei Darussalam,11817 Clark Views,integrate real-time e-business,Shopping
561374631159,2024-05-23,6405.97,20357775,Burkina Faso,363 Lucero Crossroad,grow integrated schemas,Entertainment
180093783086348,2024-04-25,7658.45,114574176,Antarctica (the territory South of 60 deg S),78944 Foster Streets,envisioneer frictionless vortals,Gas
